[
  {
    "id": "5f238689-2196-476c-8d65-6c6cac25319e",
    "data": [
      {
        "text": "color",
        "userDefined": false
      }
    ],
    "isTemplate": false,
    "count": 0,
    "lang": "en",
    "updated": 0
  },
  {
    "id": "73c57732-1261-4f2f-86fe-872d25f787ac",
    "data": [
      {
        "text": "favorite color",
        "userDefined": false
      }
    ],
    "isTemplate": false,
    "count": 0,
    "lang": "en",
    "updated": 0
  },
  {
    "id": "3017021b-0bd3-421c-a450-ac7b98e22f51",
    "data": [
      {
        "text": "whats you\u0027re favourite color",
        "userDefined": false
      }
    ],
    "isTemplate": false,
    "count": 0,
    "lang": "en",
    "updated": 0
  },
  {
    "id": "ef2ce8e2-8a6b-4e78-b4a0-d287df66086e",
    "data": [
      {
        "text": "what is your favorite color",
        "userDefined": false
      }
    ],
    "isTemplate": false,
    "count": 0,
    "lang": "en",
    "updated": 0
  },
  {
    "id": "93d275dd-13ab-470f-843c-c77549610b71",
    "data": [
      {
        "text": "what is your favourite color",
        "userDefined": false
      }
    ],
    "isTemplate": false,
    "count": 0,
    "lang": "en",
    "updated": 0
  },
  {
    "id": "48ef160b-d479-4384-b688-eb41e7d67df4",
    "data": [
      {
        "text": "whats ur favourote color",
        "userDefined": false
      }
    ],
    "isTemplate": false,
    "count": 0,
    "lang": "en",
    "updated": 0
  }
]