[
  {
    "id": "569d8901-ce80-4aee-b976-05b7bc7e2802",
    "data": [
      {
        "text": "black",
        "meta": "@sys.color",
        "alias": "color",
        "userDefined": false
      }
    ],
    "isTemplate": false,
    "count": 0,
    "lang": "en",
    "updated": 0
  },
  {
    "id": "d397cf17-2c17-45c9-9836-875ebf6c057e",
    "data": [
      {
        "text": "white",
        "meta": "@sys.color",
        "alias": "color",
        "userDefined": false
      }
    ],
    "isTemplate": false,
    "count": 0,
    "lang": "en",
    "updated": 0
  },
  {
    "id": "5cee9a5e-70cc-4b3b-b14a-ac4e2ceab491",
    "data": [
      {
        "text": "same",
        "userDefined": false
      }
    ],
    "isTemplate": false,
    "count": 0,
    "lang": "en",
    "updated": 0
  },
  {
    "id": "938ad917-9203-4ea2-b3b8-f57fe5a70ec2",
    "data": [
      {
        "text": "purple",
        "meta": "@sys.color",
        "alias": "color",
        "userDefined": false
      }
    ],
    "isTemplate": false,
    "count": 0,
    "lang": "en",
    "updated": 0
  },
  {
    "id": "e10cfb1c-3953-4d41-9d74-846a3d88d94c",
    "data": [
      {
        "text": "orange",
        "meta": "@sys.color",
        "alias": "color",
        "userDefined": false
      }
    ],
    "isTemplate": false,
    "count": 0,
    "lang": "en",
    "updated": 0
  },
  {
    "id": "769bf661-f0ba-42e3-ae43-397e56af216d",
    "data": [
      {
        "text": "green",
        "meta": "@sys.color",
        "alias": "color",
        "userDefined": false
      }
    ],
    "isTemplate": false,
    "count": 0,
    "lang": "en",
    "updated": 0
  },
  {
    "id": "27fdbe2f-2d35-4e10-b890-237cba24c44d",
    "data": [
      {
        "text": "yellow",
        "meta": "@sys.color",
        "alias": "color",
        "userDefined": false
      }
    ],
    "isTemplate": false,
    "count": 0,
    "lang": "en",
    "updated": 0
  },
  {
    "id": "79b87eba-a43c-4880-9de5-4bae0c1b3ceb",
    "data": [
      {
        "text": "blue",
        "meta": "@sys.color",
        "alias": "color",
        "userDefined": false
      }
    ],
    "isTemplate": false,
    "count": 0,
    "lang": "en",
    "updated": 0
  },
  {
    "id": "3415724f-bfd3-471c-abca-1b2d52197f89",
    "data": [
      {
        "text": "red",
        "meta": "@sys.color",
        "alias": "color",
        "userDefined": false
      }
    ],
    "isTemplate": false,
    "count": 0,
    "lang": "en",
    "updated": 0
  },
  {
    "id": "231a61b4-21e2-46d7-bf42-bbb39811a985",
    "data": [
      {
        "text": "its",
        "userDefined": false
      }
    ],
    "isTemplate": false,
    "count": 0,
    "lang": "en",
    "updated": 0
  },
  {
    "id": "d20dfd8b-57aa-41a8-80f9-fc1b26451637",
    "data": [
      {
        "text": "my favourite color is",
        "userDefined": false
      }
    ],
    "isTemplate": false,
    "count": 0,
    "lang": "en",
    "updated": 0
  }
]